"Chrom","P","Coord_hg38","RS_Number","ld","col","log10p","Coord_hg19"
"16","6.20672E-09","31122128","rs1060506","1","red","8.207137758","31133449"
"16","5.23283E-09","31120929","rs11865499","1","purple","8.281263083","31132250"
"16","6.31067E-09","31121341","rs28725459","1","red","8.199924371","31132662"
"16","6.02603E-09","31121779","rs59735493","1","red","8.219968375","31133100"
"16","4.80682E-09","31122892","rs60996860","1","red","8.318141714","31134213"
"16","2.83337E-08","31142825","rs1549299","0.954","red","7.547697322","31154146"
"16","6.28173E-09","31122738","rs61320757","0.944","red","8.201920972","31134059"
"16","4.46554E-09","31115000","rs2884738","0.939","red","8.350126267","31126321"
"16","5.41357E-09","31111250","rs889555","0.939","red","8.266516313","31122571"
"16","7.32306E-09","31106377","rs55766044","0.925","red","8.135307405","31117698"
"16","1.62803E-08","31143037","rs78924645","0.902","red","7.78833786","31154358"
"16","2.12953E-06","31079888","rs3751855","0.549","green","5.671716888","31091209"
"16","2.24171E-06","31070704","rs11642192","0.541","green","5.649419905","31082025"
"16","1.65189E-06","31083883","rs11864806","0.541","green","5.782019859","31095204"
"16","1.66206E-06","31083930","rs11864839","0.541","green","5.779353731","31095251"
"16","1.52206E-06","31083850","rs11865038","0.541","green","5.817569609","31095171"
"16","1.79265E-06","31088462","rs17839568","0.541","green","5.746505491","31099783"
"16","1.69303E-06","31085555","rs4468641","0.541","green","5.77133593","31096876"
"16","1.94485E-06","31072003","rs6565217","0.541","green","5.711113798","31083324"
"16","2.03834E-06","31071754","rs7197717","0.541","green","5.690724052","31083075"
"16","1.65825E-06","31084843","rs7199949","0.541","green","5.780349876","31096164"
"16","1.84324E-06","31080754","rs7196726","0.54","green","5.734418852","31092075"
"16","1.90424E-06","31068513","rs8047803","0.532","green","5.720279335","31079834"
"16","3.008E-06","31079086","rs35713203","0.507","green","5.521721505","31090407"
"16","2.10405E-06","31091000","rs7294","0.504","green","5.676944566","31102321"
"16","2.16128E-06","31070139","rs28814987","0.5","green","5.665288438","31081460"
"16","4.92257E-06","31097969","rs59924013","0.5","green","5.307808384","31109290"
"16","2.11106E-06","31088538","rs73530203","0.5","green","5.675499115","31099859"
"16","1.82821E-06","31082633","rs750952","0.5","green","5.737974293","31093954"
"16","3.05606E-06","31049326","rs11640767","0.497","green","5.514838736","31060647"
"16","2.78384E-06","31049042","rs11640957","0.497","green","5.555356125","31060363"
"16","3.3308E-06","31057070","rs11642003","0.497","green","5.477451083","31068391"
"16","3.46574E-06","31057071","rs11642303","0.497","green","5.460203623","31068392"
"16","2.80468E-06","31066014","rs11647284","0.497","green","5.552117199","31077335"
"16","2.78556E-06","31051383","rs59061704","0.497","green","5.555086833","31062704"
"16","2.91386E-06","31057639","rs8061047","0.497","green","5.535530991","31068960"
"16","3.84821E-06","31046624","rs17839567","0.496","green","5.414741798","31057945"
"16","3.98821E-06","31045112","rs35468353","0.496","green","5.399222299","31056433"
"16","4.06031E-06","31041574","rs56284083","0.496","green","5.391440842","31052895"
"16","3.76941E-06","31046479","rs11862744","0.494","green","5.423727191","31057800"
"16","2.70304E-06","31055059","rs57434408","0.493","green","5.568147527","31066380"
"16","4.18502E-06","31028818","rs112906665","0.486","green","5.378302008","31040139"
"16","4.78296E-06","31033576","rs12445650","0.486","green","5.32030299","31044897"
"16","5.07451E-06","31025046","rs57576577","0.486","green","5.294605802","31036367"
"16","4.27108E-06","31033362","rs58726213","0.486","green","5.369461858","31044683"
"16","5.66329E-06","31036009","rs8056842","0.486","green","5.246931208","31047330"
"16","3.3516E-06","31028055","rs9673641","0.486","green","5.474747839","31039376"
"16","4.18712E-06","31020996","rs35961830","0.473","green","5.378085052","31032317"
"16","4.28553E-06","31019023","rs4889526","0.473","green","5.367995245","31030344"
"16","4.85254E-06","31015106","rs4889609","0.465","green","5.314031222","31026427"
"16","3.7091E-06","31043286","rs1108431","0.463","green","5.430732028","31054607"
"16","3.67526E-06","31037834","rs55979739","0.453","green","5.434711862","31049155"
"16","3.50983E-06","31038712","rs732172","0.453","green","5.454714364","31050033"
"16","3.68113E-06","31038702","rs732173","0.453","green","5.434019344","31050023"
"16","4.95398E-06","31029816","rs7500176","0.453","green","5.305045938","31041137"
"16","2.13151E-07","31154707","rs12102776","0.42","green","6.671313484","31166028"
"16","1.2076E-07","31152210","rs7190802","0.42","green","6.918078104","31163531"
"16","1.24099E-07","31155858","rs4889625","0.419","green","6.906230873","31167179"
"16","5.13582E-07","31150982","rs9939286","0.402","green","6.289390243","31162303"
"16","3.97671E-07","31154474","rs57611503","0.277","skyblue","6.400476435","31165795"
"16","0.031025607","31143024","rs79912852","0.274","skyblue","1.508279706","31154345"
"16","0.0139517","31127940","rs72785554","0.271","skyblue","1.855372857","31139261"
"16","1.1116E-07","31136227","rs2855475","0.261","skyblue","6.95404958","31147548"
"16","9.04668E-08","31130672","rs1549293","0.26","skyblue","7.043510903","31141993"
"16","7.36599E-08","31120293","rs4527034","0.26","skyblue","7.132768835","31131614"
"16","7.31955E-08","31119853","rs4889620","0.26","skyblue","7.135515422","31131174"
"16","9.10615E-08","31126391","rs889548","0.26","skyblue","7.040665144","31137712"
"16","6.91506E-08","31118574","rs9925964","0.26","skyblue","7.160203738","31129895"
"16","9.85858E-08","31129478","rs9936329","0.26","skyblue","7.00618576","31140799"
"16","5.68197E-08","31133898","rs12597511","0.259","skyblue","7.245501279","31145219"
"16","6.51355E-08","31110472","rs14235","0.255","skyblue","7.186181962","31121793"
"16","8.07148E-08","31106092","rs2032915","0.254","skyblue","7.093046823","31117413"
"16","1.46376E-07","31137821","rs9972727","0.254","skyblue","6.83452954","31149142"
"16","1.01593E-07","31101489","rs7187995","0.244","skyblue","6.993137548","31112810"
"16","7.28198E-08","31113086","rs749767","0.221","skyblue","7.13775077","31124407"
"16","8.07813E-08","31114455","rs11647442","0.22","skyblue","7.092689189","31125776"
"16","8.3152E-08","31117347","rs12716982","0.22","skyblue","7.080127139","31128668"
"16","9.57259E-08","31119800","rs1978485","0.22","skyblue","7.018970612","31131121"
"16","9.34105E-08","31118621","rs1978487","0.22","skyblue","7.029604514","31129942"
"16","7.94802E-08","31117294","rs4889619","0.22","skyblue","7.099740882","31128615"
"16","1.08662E-07","31106703","rs12716981","0.219","skyblue","6.963921699","31118024"
"16","9.9486E-08","31106068","rs56314408","0.219","skyblue","7.002237902","31117389"
"16","0.002398017","31092015","rs17882023","0.216","skyblue","2.62014776","31103336"
"16","5.47891E-08","31099660","rs7196161","0.215","skyblue","7.261305792","31110981"
"16","4.52791E-08","31102913","rs61162043","0.213","skyblue","7.344102614","31114234"
"16","0.003816363","31078773","rs78522165","0.206","skyblue","2.418350349","31090094"
"16","1.6529E-07","31070264","rs9796794","0.201","skyblue","6.781752832","31081585"
"16","8.50142E-07","31077026","rs749671","0.2","skyblue","6.070508726","31088347"
"16","4.81772E-05","31159853","rs17708638","0.199","blue","4.317158798","31171174"
"16","0.934065248","31121789","rs11649030","0.198","blue","0.029622786","31133110"
"16","0.9602224","31130950","rs17855606","0.198","blue","0.017628167","31142271"
"16","0.91167831","31132672","rs45619735","0.198","blue","0.040158377","31143993"
"16","0.936254943","31121189","rs56388508","0.198","blue","0.028605877","31132510"
"16","0.927909631","31127124","rs72785553","0.198","blue","0.032494318","31138445"
"16","0.962543919","31124764","rs4404083","0.195","blue","0.016579445","31136085"
"16","0.961653372","31115214","rs56404782","0.195","blue","0.016981441","31126535"
"16","0.87699818","31108141","rs72785546","0.195","blue","0.057001308","31119462"
"16","1.00255E-07","31092475","rs2359612","0.194","blue","6.998895324","31103796"
"16","1.81489E-07","31058533","rs35351013","0.194","blue","6.741149134","31069854"
"16","2.32957E-07","31059160","rs56813533","0.194","blue","6.632724464","31070481"
"16","0.994618318","31108233","rs72785547","0.194","blue","0.002343547","31119554"
"16","1.87955E-07","31077304","rs749670","0.194","blue","6.725946525","31088625"
"16","8.99381E-08","31096368","rs9923231","0.194","blue","7.046056433","31107689"
"16","1.00485E-07","31093557","rs9934438","0.194","blue","6.997900375","31104878"
"16","2.19508E-07","31063854","rs2303223","0.19","blue","6.658549017","31075175"
"16","1.96003E-07","31068050","rs881929","0.19","blue","6.707737883","31079371"
"16","3.22313E-07","31042146","rs9939417","0.19","blue","6.491722431","31053467"
"16","0.00017369","31161713","rs13336592","0.188","blue","3.760224664","31173034"
"16","3.53708E-07","31025699","rs11150604","0.183","blue","6.45135493","31037020"
"16","3.03487E-07","31027366","rs9939558","0.183","blue","6.517859392","31038687"
"16","3.06117E-07","31036758","rs10871454","0.182","blue","6.514112615","31048079"
"16","2.79707E-07","31030978","rs12934418","0.182","blue","6.553296178","31042299"
"16","2.06602E-07","31036959","rs12448321","0.181","blue","6.684866208","31048280"
"16","0.979457384","31099180","rs17880887","0.179","blue","0.009014455","31110501"
"16","0.002733689","31203577","rs8056505","0.17","blue","2.563250869","31214898"
"16","0.003293533","31205458","rs3764323","0.169","blue","2.482338029","31216779"
"16","0.003775565","31164284","rs12935054","0.167","blue","2.423018024","31175605"
"16","0.003984392","31166684","rs12926743","0.166","blue","2.39963793","31178005"
"16","1.90451E-07","31074149","rs2303222","0.165","blue","6.720215885","31085470"
"16","2.89315E-07","31042719","rs2288004","0.164","blue","6.538629581","31054040"
"16","3.03485E-07","31054597","rs4889530","0.164","blue","6.517863281","31065918"
"16","1.43119E-07","31093188","rs8050894","0.164","blue","6.84430162","31104509"
"16","2.59219E-07","31055217","rs34649473","0.163","blue","6.586333041","31066538"
"16","3.03769E-07","31051380","rs9929899","0.163","blue","6.517456938","31062701"
"16","0.00148322","31184784","rs2735393","0.161","blue","2.828794441","31196105"
"16","0.001888648","31195592","rs4889538","0.16","blue","2.723849033","31206913"
"16","0.002266936","31205588","rs4889633","0.16","blue","2.644560804","31216909"
"16","0.001999649","31182621","rs741810","0.16","blue","2.699046276","31193942"
"16","0.001784484","31192208","rs4889537","0.159","blue","2.748487275","31203529"
"16","0.003299279","31169790","rs13333997","0.153","blue","2.481580915","31181111"
"16","0.002679795","31168479","rs7187143","0.153","blue","2.571898358","31179800"
"16","0.002558368","31171134","rs11864632","0.15","blue","2.592037","31182455"
"16","9.98489E-05","31212555","rs4496161","0.147","blue","4.00065671","31223876"
"16","5.97456E-05","31183958","rs1052352","0.146","blue","4.223693783","31195279"
"16","0.084165101","31176367","rs72785572","0.134","blue","1.074867951","31187688"
"16","0.004842882","31174561","rs57348955","0.113","blue","2.314896133","31185882"
"16","0.516257846","31094032","rs17708472","0.111","blue","0.287133335","31105353"
"16","0.579673339","31083540","rs45599534","0.111","blue","0.236816674","31094861"
"16","0.579516539","31083358","rs72785535","0.111","blue","0.236934165","31094679"
"16","0.534400506","31061588","rs8046978","0.111","blue","0.272133139","31072909"
"16","0.598652896","31066088","rs9927295","0.111","blue","0.222824912","31077409"
"16","0.536519447","31057682","rs117602889","0.11","blue","0.270414531","31069003"
"16","0.527514409","31071922","rs2359674","0.11","blue","0.277765673","31083243"
"16","0.566602484","31066819","rs72785521","0.11","blue","0.246721526","31078140"
"16","0.541525984","31068184","rs8047104","0.11","blue","0.266380699","31079505"
"16","0.421735584","31069454","rs72785525","0.104","blue","0.374959754","31080775"
"16","2.60084E-06","31094233","rs2884737","0.09","blue","5.584885814","31105554"
"16","0.448174038","31037537","rs148119987","0.088","blue","0.348553305","31048858"
"16","0.437606232","31036452","rs72800858","0.088","blue","0.358916501","31047773"
"16","0.415255087","31041864","rs141926311","0.087","blue","0.381685039","31053185"
"16","0.502758967","31048318","rs6565214","0.087","blue","0.298640175","31059639"
"16","0.488583519","31024916","rs72800854","0.087","blue","0.311061187","31036237"
"16","0.530656471","31016648","rs150319029","0.085","blue","0.275186535","31027969"
"16","0.003207493","31067356","rs111670773","0.071","blue","2.493834302","31078677"
"16","0.012266146","31137809","rs141391022","0.071","blue","1.911291877","31149130"
"16","0.011535952","31133716","rs147208188","0.071","blue","1.937946548","31145037"
"16","0.785045934","31096182","rs181163532","0.059","blue","0.105104931","31107503"
"16","0.057904844","31176933","rs117031341","0.056","blue","1.237285105","31188254"
"16","0.185276398","31115367","rs11642535","0.052","blue","0.732179902","31126688"
"16","0.006612896","31147326","rs28385574","0.052","blue","2.179608285","31158647"
"16","0.000725681","31116683","rs62057094","0.05","blue","3.139254486","31128004"
"16","0.589902215","31089575","rs17886790","0.046","blue","0.229219973","31100896"
"16","0.3232722","31171745","rs149449767","0.044","blue","0.490431641","31183066"
"16","0.071148984","31138649","rs117436045","0.043","blue","1.147831298","31149970"
"16","0.04710799","31122472","rs117451918","0.043","blue","1.326905424","31133793"
"16","0.069862198","31139969","rs139753495","0.043","blue","1.155757756","31151290"
"16","0.016635118","31078020","rs35041466","0.043","blue","1.778974109","31089341"
"16","0.832655501","31171375","rs62057137","0.037","blue","0.079534644","31182696"
"16","0.000760762","31142087","rs146100677","0.031","blue","3.118751293","31153408"
"16","0.858171689","31146563","rs11649290","0.027","blue","0.066425817","31157884"
"16","0.614381508","31066989","rs140985528","0.026","blue","0.211561865","31078310"
"16","0.324298865","31178811","rs185952755","0.023","blue","0.489054571","31190132"
"16","0.01542379","31088261","rs79030220","0.023","blue","1.811808893","31099582"
"16","0.906858854","31055478","rs113495233","0.022","blue","0.042460303","31066799"
"16","0.504717659","31096606","rs17878544","0.022","blue","0.2969515","31107927"
"16","0.678950708","31083206","rs2077633","0.022","blue","0.168161754","31094527"
"16","0.942689928","31153048","rs62057133","0.022","blue","0.025631133","31164369"
"16","0.975432512","31153255","rs66939573","0.022","blue","0.010802773","31164576"
"16","0.075340451","31139605","rs190006541","0.021","blue","1.122971784","31150926"
"16","0.902393495","31138434","rs112766425","0.02","blue","0.044604044","31149755"
"16","0.735106995","31017476","rs148334254","0.02","blue","0.133649445","31028797"
"16","0.622683581","31181514","rs148513485","0.019","blue","0.205732585","31192835"
"16","0.252029735","31024222","rs117291523","0.017","blue","0.598548216","31035543"
"16","0.745878678","31161583","rs143140068","0.017","blue","0.127331807","31172904"
"16","0.660636619","31031955","rs8054046","0.017","blue","0.180037357","31043276"
"16","0.156286168","31192348","rs118018900","0.016","blue","0.806079458","31203669"
"16","0.262318434","31087690","rs11150606","0.015","blue","0.581171189","31099011"
"16","0.009403844","31184644","rs190159352","0.014","blue","2.026694595","31195965"
"16","0.830301","31182861","rs112957921","0.012","blue","0.080764439","31194182"
"16","0.425312469","31038964","rs117744694","0.012","blue","0.371291884","31050285"
"16","0.176926172","31152693","rs118027920","0.012","blue","0.752207919","31164014"
"16","0.003905238","31214456","rs118096366","0.012","blue","2.408352536","31225777"
"16","0.268816759","31121312","rs149604995","0.012","blue","0.570543659","31132633"
"16","0.929041453","31193241","rs16956408","0.012","blue","0.031964908","31204562"
"16","0.927543479","31194232","rs17839571","0.012","blue","0.032665724","31205553"
"16","0.985047763","31200111","rs17839573","0.012","blue","0.006542711","31211432"
"16","0.192149965","31058691","rs190492285","0.012","blue","0.71635969","31070012"
"16","0.832600014","31097425","rs191209770","0.012","blue","0.079563586","31108746"
"16","0.915551694","31208166","rs55643523","0.012","blue","0.03831713","31219487"
"16","0.481086153","31210148","rs58076927","0.012","blue","0.317777143","31221469"
"16","0.48143557","31174382","rs59064674","0.012","blue","0.317461826","31185703"
"16","0.920723858","31177618","rs60375074","0.012","blue","0.035870603","31188939"
"16","0.866276492","31187015","rs60976516","0.012","blue","0.062343471","31198336"
"16","0.9937394","31191235","rs68121698","0.012","blue","0.002727491","31202556"
"16","0.881201086","31188578","rs72550895","0.012","blue","0.054924976","31199899"
"16","0.950574137","31177991","rs73530266","0.012","blue","0.022014006","31189312"
"16","0.989399871","31179567","rs73530272","0.012","blue","0.004628151","31190888"
"16","0.829802377","31182673","rs73530283","0.012","blue","0.081025325","31193994"
"16","0.903623981","31191929","rs73530293","0.012","blue","0.044012252","31203250"
"16","0.91405915","31193924","rs73530298","0.012","blue","0.0390257","31205245"
"16","0.876835874","31196915","rs73532211","0.012","blue","0.05708169","31208236"
"16","0.938678168","31199749","rs73532214","0.012","blue","0.027483283","31211070"
"16","0.814315811","31202354","rs73532217","0.012","blue","0.089207132","31213675"
"16","0.945022992","31208366","rs73532228","0.012","blue","0.024557625","31219687"
"16","0.804874206","31213328","rs73532236","0.012","blue","0.094271991","31224649"
"16","0.751802275","31184918","rs74015090","0.012","blue","0.123896364","31196239"
"16","0.458561098","31207480","rs74015096","0.012","blue","0.338602791","31218801"
"16","0.502517597","31022384","rs75585721","0.012","blue","0.298848726","31033705"
"16","0.47452553","31026727","rs77355772","0.012","blue","0.323740417","31038048"
"16","0.480926418","31172620","rs78623706","0.012","blue","0.317921366","31183941"
"16","0.008600091","31209750","rs4889539","0.011","blue","2.065496949","31221071"
"16","0.045804096","31036149","rs74895609","0.011","blue","1.339095687","31047470"
"16","0.011593635","31135261","rs142789229","0.01","blue","1.935780388","31146582"
"16","0.84627596","31204320","rs111901353","0.009","blue","0.072487996","31215641"
"16","0.581771416","31141497","rs117442264","0.009","blue","0.235247621","31152818"
"16","0.125558713","31058949","rs145488225","0.009","blue","0.901153146","31070270"
"16","0.458404471","31057931","rs182536497","0.009","blue","0.338751155","31069252"
"16","0.480695288","31131446","rs117219760","0.008","blue","0.318130135","31142767"
"16","0.377000346","31158746","rs59559257","0.008","blue","0.423658251","31170067"
"16","0.796306401","31040175","rs72785506","0.008","blue","0.098919793","31051496"
"16","0.558046632","31167479","rs72785569","0.007","blue","0.253329508","31178800"
"16","0.365137877","31154718","rs80298776","0.007","blue","0.437543114","31166039"
"16","0.319194072","31026331","rs111907968","0.006","blue","0.495945183","31037652"
"16","0.971235112","31050285","rs116872173","0.006","blue","0.012675625","31061606"
"16","0.01376652","31078948","rs75586809","0.006","blue","1.861175836","31090269"
"16","0.0163334","31139042","rs140036348","0.004","blue","1.786923396","31150363"
"16","0.250359651","31180657","rs143159643","0.004","blue","0.601435662","31191978"
"16","0.700186497","31207073","rs147643545","0.004","blue","0.154786269","31218394"
"16","0.853134624","31165657","rs118100640","0.003","blue","0.068982432","31176978"
"16","0.958821647","31153354","rs137879778","0.001","blue","0.01826217","31164675"
"16","0.504921966","31208382","rs138864364","0.001","blue","0.296775736","31219703"
"16","0.889707778","31045504","rs148529966","0.001","blue","0.050752613","31056825"
"16","0.549055838","31213200","rs35303352","0.001","blue","0.260383487","31224521"
"16","0.382510203","31140052","rs142948217","0","blue","0.417356976","31151373"
"16","0.378510765","31125163","rs145099608","0","blue","0.421921765","31136484"
"16","0.758899473","31141784","rs1549300","0","blue","0.119815749","31153105"
"16","0.116230505","31213868","rs9989432","0","blue","0.934679876","31225189"
"16","1.07178E-07","31073073","rs11281612","","grey","6.969892771","31084394"
"16","0.645218767","31067487","rs115308163","","grey","0.190293009","31078808"
"16","0.254444951","31042342","rs11866417","","grey","0.594406163","31053663"
"16","0.554908506","31045727","rs13333219","","grey","0.255778618","31057048"
"16","0.559455603","31054465","rs139589509","","grey","0.252234372","31065786"
"16","0.498381209","31037563","rs140456875","","grey","0.302438341","31048884"
"16","0.356652146","31182915","rs146928080","","grey","0.447755159","31194236"
"16","4.24804E-06","31058394","rs147064917","","grey","5.371810947","31069715"
"16","0.320991859","31130559","rs1549294","","grey","0.493505982","31141880"
"16","0.616269952","31048300","rs188703842","","grey","0.210229007","31059621"
"16","0.420453725","31083330","rs2007636","","grey","0.376281795","31094651"
"16","0.751033078","31134559","rs2550051","","grey","0.124340935","31145880"
"16","0.495729192","31015428","rs28678683","","grey","0.304755506","31026749"
"16","0.412180509","31084237","rs56909237","","grey","0.384912549","31095558"
"16","0.644988282","31122159","rs57759446","","grey","0.190448176","31133480"
"16","0.812388264","31211331","rs6565221","","grey","0.090236359","31222652"
"16","2.91837E-07","31063065","rs71151445","","grey","6.534859693","31074386"
"16","0.425360381","31091268","rs7200749","","grey","0.371242964","31102589"
"16","0.522492271","31037878","rs74015063","","grey","0.281920129","31049199"
"16","0.414461686","31083597","rs751117","","grey","0.382515611","31094918"
"16","0.716677706","31017875","rs75192677","","grey","0.144676105","31029196"
"16","0.390968179","31024309","rs75845939","","grey","0.407858588","31035630"
"16","0.553078162","31142459","rs889546","","grey","0.257213489","31153780"
"16","0.608488666","31055207","rs9940626","","grey","0.215747507","31066528"